Culture,Food,Description,Ingredients
Maori,Hangi,Traditional meal cooked slowly in an underground earth oven using heated stones.,"pork, chicken, potatoes, kumara, pumpkin, cabbage"
Maori,Rewena Bread,"Soft, slightly sour sourdough-style bread made using a fermented potato bug starter.","flour, potato, sugar, water, salt"
Maori,Boil Up,Hearty broth-based dish simmered with pork bones and traditional greens.,"pork bones, watercress, puha, potatoes, kumara, dumplings"
Maori,Kina,"Sea urchin roe eaten raw, prized as a delicacy from the sea.",sea urchin
Maori,Pikelets,"Small, thick pancakes often served with jam and cream at gatherings.","flour, milk, egg, sugar, baking powder"
Maori,Kumara,"Sweet potato variety central to Maori cuisine, often roasted or boiled.","kumara, butter, salt"
Maori,Poi (Dessert),"Sweet fruit-based pudding, distinct from the performance poi, made from mashed fruit.","puha, fruit, sugar, cornflour"
Maori,Toroi,Side dish combining fresh mussels with cooked puha greens.,"mussels, puha, salt"
Maori,Paua Fritters,Fried patties made from minced abalone mixed into a savory batter.,"paua, egg, flour, onion, breadcrumbs"
Maori,Watercress Soup,Simple soup highlighting the peppery flavor of wild watercress.,"watercress, pork bones, water, salt"
Maori,Muttonbird (Titi),"Traditionally harvested seabird, salted or smoked and prized as a delicacy.","muttonbird, salt"
Maori,Maori Fry Bread,"Deep-fried dough bread, crispy outside and soft inside, popular at gatherings.","flour, water, sugar, baking powder, oil"
Maori,Hangi Pork,"Pork cooked underground alongside other hangi ingredients, tender and smoky.","pork, salt, hangi stones"
Maori,Puha and Pork,Classic combination of bitter puha greens slow-cooked with salted pork.,"puha, pork, water, salt"
Maori,Kanga Pirau (Fermented Corn),"Corn steeped in water until fermented, producing a pungent traditional dish.","corn, water"
Maori,Kai Moana Platter,"Assorted seafood platter showcasing mussels, paua, and crayfish.","mussels, paua, crayfish, lemon"
Maori,Pipi Fritters,Fritters made from small shellfish mixed into a light batter and fried.,"pipi, egg, flour, onion"
Maori,Horopito Chicken,Chicken seasoned with native New Zealand pepper tree leaves.,"chicken, horopito leaves, salt, oil"
Maori,Steamed Puddings,"Dense, moist steamed pudding often served after a hangi meal.","flour, dried fruit, suet, sugar, milk"
Maori,Rewena Parāoa Rolls,Small dinner rolls made from the traditional Maori sourdough starter.,"flour, potato starter, salt, water"
Italian,Margherita Pizza,"Classic Neapolitan pizza topped with tomato, mozzarella, and basil.","pizza dough, tomato sauce, mozzarella, basil, olive oil"
Italian,Spaghetti Carbonara,Roman pasta dish with a creamy egg and cheese sauce and crispy pork.,"spaghetti, eggs, pecorino cheese, guanciale, black pepper"
Italian,Lasagna,"Layered baked pasta dish with meat sauce, cheese, and béchamel.","lasagna sheets, ground beef, tomato sauce, béchamel, parmesan"
Italian,Risotto alla Milanese,Creamy saffron-infused rice dish from Milan.,"arborio rice, saffron, butter, parmesan, broth"
Italian,Osso Buco,Braised veal shanks cooked slowly with vegetables and white wine.,"veal shanks, carrots, celery, onion, white wine, broth"
Italian,Tiramisu,Layered dessert of coffee-soaked ladyfingers and mascarpone cream.,"ladyfingers, mascarpone, espresso, cocoa powder, sugar, eggs"
Italian,Caprese Salad,"Simple salad of fresh tomatoes, mozzarella, and basil.","tomato, mozzarella, basil, olive oil, salt"
Italian,Minestrone,Hearty vegetable soup with beans and pasta.,"beans, tomato, carrot, celery, pasta, broth"
Italian,Gnocchi,Soft potato dumplings often served with butter or tomato sauce.,"potato, flour, egg, salt"
Italian,Bruschetta,"Toasted bread topped with tomato, garlic, and basil.","bread, tomato, garlic, basil, olive oil"
Italian,Panna Cotta,Silky cooked cream dessert set with gelatin.,"cream, sugar, gelatin, vanilla"
Italian,Osteria Ragù,Slow-simmered meat sauce served over tagliatelle pasta.,"ground beef, tomato, onion, carrot, celery, tagliatelle"
Italian,Focaccia,Flat oven-baked bread drizzled with olive oil and herbs.,"flour, yeast, olive oil, rosemary, salt"
Italian,Arancini,Fried rice balls stuffed with cheese or ragù.,"risotto rice, mozzarella, breadcrumbs, egg, ragù"
Italian,Panzanella,Tuscan bread salad with tomatoes and fresh vegetables.,"stale bread, tomato, cucumber, onion, olive oil"
Italian,Cannoli,Crisp fried pastry shells filled with sweetened ricotta cream.,"pastry shell, ricotta, sugar, chocolate chips"
Italian,Vitello Tonnato,Cold sliced veal served with a creamy tuna sauce.,"veal, tuna, capers, mayonnaise, lemon"
Italian,Pesto Genovese,"Sauce made from basil, pine nuts, garlic, and parmesan.","basil, pine nuts, garlic, parmesan, olive oil"
Italian,Ribollita,Tuscan bread and vegetable soup traditionally reheated.,"bread, kale, beans, carrot, celery, tomato"
Italian,Zeppole,"Fried dough balls dusted with sugar, popular as a street snack.","flour, yeast, sugar, oil"
Chinese,Peking Duck,"Roasted duck with crispy skin, served with pancakes and hoisin sauce.","duck, hoisin sauce, pancakes, scallion, cucumber"
Chinese,Kung Pao Chicken,Spicy stir-fried chicken with peanuts and chili peppers.,"chicken, peanuts, dried chili, soy sauce, garlic"
Chinese,Xiaolongbao,Steamed soup dumplings filled with pork and hot broth.,"pork, flour, gelatin broth, ginger, scallion"
Chinese,Mapo Tofu,Spicy Sichuan dish of tofu in a fermented bean and chili sauce.,"tofu, ground pork, doubanjiang, sichuan pepper, scallion"
Chinese,Sweet and Sour Pork,Battered pork fried and coated in a tangy sweet sauce.,"pork, pineapple, bell pepper, vinegar, sugar, ketchup"
Chinese,Chow Mein,Stir-fried noodles with vegetables and choice of meat.,"noodles, cabbage, carrot, soy sauce, meat"
Chinese,Congee,Savory rice porridge often served with toppings for breakfast.,"rice, water, ginger, scallion, meat or egg"
Chinese,Char Siu,Cantonese barbecue pork with a glossy sweet glaze.,"pork, hoisin sauce, honey, five spice, soy sauce"
Chinese,Hot Pot,Communal simmering pot where diners cook meat and vegetables.,"broth, thinly sliced meat, vegetables, tofu, noodles"
Chinese,Dan Dan Noodles,Spicy Sichuan noodles topped with minced pork and chili oil.,"noodles, ground pork, chili oil, sesame paste, scallion"
Chinese,Spring Rolls,Crispy fried rolls filled with vegetables or meat.,"spring roll wrapper, cabbage, carrot, pork, oil"
Chinese,Egg Fried Rice,Simple stir-fried rice with egg and scallions.,"rice, egg, scallion, soy sauce, oil"
Chinese,Wonton Soup,Clear broth soup with delicate pork-filled dumplings.,"wonton wrappers, pork, shrimp, broth, scallion"
Chinese,Zongzi,Sticky rice dumplings wrapped in bamboo leaves.,"glutinous rice, pork, bamboo leaves, mushroom"
Chinese,Mooncake,"Dense pastry filled with lotus seed paste, eaten during Mid-Autumn Festival.","flour, lotus seed paste, egg yolk, syrup"
Chinese,Beef Chow Fun,Stir-fried wide rice noodles with beef and bean sprouts.,"rice noodles, beef, bean sprouts, soy sauce, scallion"
Chinese,Sichuan Fish,Fish fillets poached in a fiery chili and Sichuan pepper broth.,"fish, dried chili, sichuan pepper, garlic, broth"
Chinese,Baozi,Steamed buns filled with seasoned meat or vegetables.,"flour, yeast, pork, cabbage, soy sauce"
Chinese,Peanut Noodles,Cold noodles tossed in a savory peanut sauce.,"noodles, peanut butter, soy sauce, vinegar, garlic"
Chinese,Egg Tarts,Flaky pastry tarts filled with smooth egg custard.,"pastry, egg, sugar, milk"
Japanese,Sushi,Vinegared rice paired with raw fish or vegetables.,"rice, nori, raw fish, rice vinegar, wasabi"
Japanese,Ramen,Noodle soup dish with rich broth and various toppings.,"noodles, broth, pork, egg, scallion"
Japanese,Tempura,Lightly battered and deep-fried seafood or vegetables.,"shrimp, vegetables, flour, egg, oil"
Japanese,Miso Soup,Traditional soup made from fermented soybean paste.,"miso paste, dashi, tofu, seaweed, scallion"
Japanese,Okonomiyaki,Savory pancake mixed with cabbage and various fillings.,"flour, cabbage, egg, pork, okonomiyaki sauce"
Japanese,Teriyaki Chicken,Grilled chicken glazed with a sweet soy-based sauce.,"chicken, soy sauce, mirin, sugar, ginger"
Japanese,Udon,Thick wheat noodles served in a savory broth.,"udon noodles, dashi broth, soy sauce, scallion"
Japanese,Katsu Curry,Breaded fried pork cutlet served with Japanese curry sauce.,"pork, breadcrumbs, curry roux, rice, onion"
Japanese,Onigiri,Rice balls often wrapped in seaweed with a savory filling.,"rice, nori, salmon or umeboshi, salt"
Japanese,Takoyaki,Ball-shaped snack filled with diced octopus and batter.,"octopus, flour, dashi, egg, takoyaki sauce"
Japanese,Chawanmushi,Silky steamed egg custard with savory ingredients.,"egg, dashi, shrimp, mushroom, soy sauce"
Japanese,Yakitori,Grilled skewered chicken glazed with a savory tare sauce.,"chicken, soy sauce, mirin, sugar, skewers"
Japanese,Gyoza,Pan-fried dumplings filled with pork and vegetables.,"gyoza wrapper, pork, cabbage, garlic, ginger"
Japanese,Sashimi,Thinly sliced raw fish served without rice.,"raw fish, soy sauce, wasabi"
Japanese,Soba,Buckwheat noodles served hot or cold with dipping sauce.,"soba noodles, dashi, soy sauce, scallion"
Japanese,Natto,Fermented soybeans with a distinctive sticky texture.,"fermented soybeans, soy sauce, mustard"
Japanese,Tonkatsu,Breaded and deep-fried pork cutlet served with cabbage.,"pork cutlet, breadcrumbs, egg, cabbage, tonkatsu sauce"
Japanese,Matcha Mochi,Chewy rice cake flavored with green tea powder.,"glutinous rice flour, matcha powder, sugar, water"
Japanese,Unagi Don,Grilled eel glazed with sweet sauce served over rice.,"eel, soy sauce, mirin, sugar, rice"
Japanese,Dorayaki,Sweet pancake sandwich filled with red bean paste.,"flour, egg, sugar, red bean paste, honey"
Indian,Butter Chicken,Creamy tomato-based curry with tender marinated chicken.,"chicken, tomato, butter, cream, garam masala"
Indian,Biryani,Fragrant spiced rice layered with meat and herbs.,"basmati rice, chicken, saffron, yogurt, spices"
Indian,Samosa,Fried pastry filled with spiced potatoes and peas.,"flour, potato, peas, cumin, oil"
Indian,Palak Paneer,Cheese cubes simmered in a spiced spinach gravy.,"paneer, spinach, garlic, ginger, cream"
Indian,Chana Masala,Spiced chickpea curry cooked in a tomato-based sauce.,"chickpeas, tomato, onion, cumin, coriander"
Indian,Tandoori Chicken,"Chicken marinated in yogurt and spices, roasted in a clay oven.","chicken, yogurt, tandoori masala, lemon, garlic"
Indian,Dosa,Thin fermented crepe made from rice and lentil batter.,"rice, urad dal, water, salt, oil"
Indian,Rogan Josh,Aromatic Kashmiri lamb curry with rich red spices.,"lamb, yogurt, kashmiri chili, onion, spices"
Indian,Dal Tadka,Lentils simmered and finished with a tempered spice garnish.,"lentils, cumin, garlic, turmeric, ghee"
Indian,Naan,Soft leavened flatbread traditionally baked in a tandoor.,"flour, yeast, yogurt, butter, salt"
Indian,Aloo Gobi,Dry curry of potatoes and cauliflower with turmeric spices.,"potato, cauliflower, turmeric, cumin, coriander"
Indian,Chicken Tikka,Marinated chicken pieces grilled to a smoky finish.,"chicken, yogurt, spices, lemon, skewers"
Indian,Rasam,Tangy South Indian soup made with tamarind and spices.,"tamarind, tomato, pepper, cumin, lentils"
Indian,Gulab Jamun,Deep-fried milk dumplings soaked in sugar syrup.,"milk powder, flour, ghee, sugar syrup, cardamom"
Indian,Pav Bhaji,Spiced mashed vegetable curry served with buttered bread rolls.,"mixed vegetables, butter, pav bread, spices"
Indian,Idli,"Steamed savory rice cakes, soft and fluffy.","rice, urad dal, water, salt"
Indian,Vindaloo,Fiery Goan curry with vinegar and chili-marinated meat.,"pork, vinegar, chili, garlic, spices"
Indian,Chole Bhature,Spiced chickpeas served with fried leavened bread.,"chickpeas, flour, yogurt, spices, oil"
Indian,Malai Kofta,Fried vegetable and cheese balls in a creamy gravy.,"paneer, potato, cream, tomato, spices"
Indian,Jalebi,Crispy fried batter spirals soaked in sugar syrup.,"flour, yogurt, sugar syrup, saffron"
Mexican,Tacos al Pastor,Marinated pork tacos cooked on a vertical spit with pineapple.,"pork, achiote, pineapple, tortilla, onion, cilantro"
Mexican,Guacamole,Mashed avocado dip seasoned with lime and cilantro.,"avocado, lime, onion, cilantro, chili"
Mexican,Enchiladas,Rolled tortillas filled with meat and covered in chili sauce.,"tortilla, chicken, chili sauce, cheese, onion"
Mexican,Chiles Rellenos,Roasted poblano peppers stuffed with cheese and fried.,"poblano pepper, cheese, egg, flour, tomato sauce"
Mexican,Pozole,Hearty hominy stew traditionally made with pork.,"hominy, pork, chili, garlic, cabbage"
Mexican,Tamales,"Steamed corn dough filled with meat, wrapped in corn husks.","masa, pork, corn husk, chili sauce"
Mexican,Mole Poblano,"Rich, complex sauce made from chilies and chocolate.","dried chilies, chocolate, spices, chicken, tortilla"
Mexican,Elote,"Grilled corn coated in mayonnaise, cheese, and chili powder.","corn, mayonnaise, cotija cheese, chili powder, lime"
Mexican,Chilaquiles,Fried tortilla chips simmered in salsa and topped with cheese.,"tortilla chips, salsa, cheese, crema, egg"
Mexican,Carnitas,"Slow-cooked, crispy shredded pork.","pork, lard, orange, garlic, salt"
Mexican,Ceviche,Fresh fish cured in citrus juice with vegetables.,"fish, lime juice, onion, tomato, cilantro"
Mexican,Sopes,Thick fried corn cakes topped with beans and meat.,"masa, beans, meat, lettuce, cheese"
Mexican,Birria,Rich spiced meat stew often served with dipping consommé.,"beef, dried chilies, garlic, cumin, tortilla"
Mexican,Horchata,Sweet rice-based drink flavored with cinnamon.,"rice, cinnamon, sugar, water, vanilla"
Mexican,Flan,Creamy caramel custard dessert.,"eggs, milk, sugar, vanilla"
Mexican,Quesadilla,Tortilla filled with melted cheese and grilled.,"tortilla, cheese, optional meat"
Mexican,Tostadas,Crispy fried tortillas topped with beans and toppings.,"tortilla, beans, lettuce, cheese, salsa"
Mexican,Molletes,Open-faced sandwich with refried beans and melted cheese.,"bolillo bread, refried beans, cheese, salsa"
Mexican,Cochinita Pibil,Slow-roasted pork marinated in citrus and achiote paste.,"pork, achiote paste, orange juice, banana leaf"
Mexican,Churros,Fried dough pastry coated in cinnamon sugar.,"flour, water, sugar, cinnamon, oil"
French,Coq au Vin,Chicken braised slowly in red wine with mushrooms.,"chicken, red wine, mushroom, bacon, onion"
French,Ratatouille,Stewed vegetable dish from Provence.,"eggplant, zucchini, tomato, bell pepper, garlic"
French,Beef Bourguignon,Beef stewed in red wine with vegetables and herbs.,"beef, red wine, carrot, onion, mushroom"
French,Croissant,"Flaky, buttery laminated pastry.","flour, butter, yeast, milk, sugar"
French,Quiche Lorraine,"Savory tart filled with egg custard, bacon, and cheese.","pastry, egg, cream, bacon, cheese"
French,French Onion Soup,Rich caramelized onion soup topped with melted cheese.,"onion, beef broth, bread, gruyère cheese"
French,Bouillabaisse,Traditional Provençal fish stew.,"fish, shellfish, tomato, saffron, fennel"
French,Crème Brûlée,Rich custard topped with a hardened caramel layer.,"cream, egg yolk, sugar, vanilla"
French,Duck Confit,Duck leg slow-cooked in its own fat until tender.,"duck leg, duck fat, garlic, thyme, salt"
French,Escargot,Snails cooked in garlic herb butter.,"snails, butter, garlic, parsley"
French,Tarte Tatin,Upside-down caramelized apple tart.,"apples, sugar, butter, puff pastry"
French,Niçoise Salad,"Composed salad with tuna, olives, and vegetables.","tuna, olives, green beans, egg, tomato"
French,Cassoulet,Slow-cooked bean stew with sausage and duck.,"white beans, sausage, duck, pork, garlic"
French,Madeleine,Small shell-shaped sponge cake.,"flour, butter, egg, sugar, lemon zest"
French,Baguette,"Long, crusty French bread loaf.","flour, water, yeast, salt"
French,Soufflé,"Light, airy baked dish made with whipped egg whites.","egg, cheese or chocolate, butter, flour, milk"
French,Ratafia Chicken,Chicken simmered in a fortified wine reduction sauce.,"chicken, fortified wine, cream, shallots"
French,Pissaladière,Provençal flatbread topped with caramelized onions and anchovies.,"dough, onion, anchovy, olives"
French,Profiteroles,Choux pastry filled with cream and topped with chocolate sauce.,"choux pastry, cream, chocolate sauce"
French,Galette des Rois,"Puff pastry cake filled with almond cream, eaten in January.","puff pastry, almond cream, butter, sugar"
Thai,Pad Thai,"Stir-fried rice noodles with shrimp, egg, and tamarind sauce.","rice noodles, shrimp, egg, tamarind, peanuts"
Thai,Green Curry,Spicy coconut curry made with green chili paste.,"green curry paste, coconut milk, chicken, eggplant, basil"
Thai,Tom Yum Goong,Hot and sour soup with shrimp and lemongrass.,"shrimp, lemongrass, lime leaves, chili, mushroom"
Thai,Massaman Curry,"Mild, rich curry with warm spices and peanuts.","beef, coconut milk, potato, peanuts, massaman paste"
Thai,Som Tum,Spicy shredded green papaya salad.,"green papaya, chili, lime, fish sauce, peanuts"
Thai,Pad Krapow,Stir-fried minced meat with holy basil and chili.,"ground pork, holy basil, chili, garlic, fish sauce"
Thai,Khao Soi,Northern Thai curry noodle soup with crispy noodles.,"egg noodles, coconut curry, chicken, shallot"
Thai,Mango Sticky Rice,Sweet sticky rice served with fresh mango and coconut cream.,"glutinous rice, mango, coconut milk, sugar"
Thai,Larb,Spicy minced meat salad with herbs and lime.,"ground pork, lime, chili, mint, fish sauce"
Thai,Tom Kha Gai,Coconut chicken soup with galangal and lime leaves.,"chicken, coconut milk, galangal, lime leaves"
Thai,Panang Curry,"Thick, creamy curry with peanuts and kaffir lime.","panang paste, coconut milk, beef, kaffir lime"
Thai,Satay,Grilled skewered meat served with peanut sauce.,"chicken, peanut sauce, skewers, marinade"
Thai,Thai Fried Rice,"Stir-fried rice with egg, vegetables, and choice of meat.","rice, egg, soy sauce, vegetables, meat"
Thai,Pad See Ew,Stir-fried wide noodles in sweet soy sauce.,"rice noodles, soy sauce, egg, broccoli, meat"
Thai,Yam Woon Sen,Spicy glass noodle salad with shrimp and pork.,"glass noodles, shrimp, pork, lime, chili"
Thai,Kai Med Ma Muang,Stir-fried chicken with cashew nuts and chili paste.,"chicken, cashew nuts, chili paste, onion"
Thai,Khao Niew Mamuang,"Sweet coconut sticky rice, a popular dessert.","sticky rice, coconut milk, sugar, salt"
Thai,Gaeng Som,Sour and spicy curry made with tamarind and fish.,"fish, tamarind, chili paste, vegetables"
Thai,Thai Basil Fried Egg,Fried egg served over rice with spicy basil stir-fry.,"egg, rice, basil, chili, garlic"
Thai,Roti Sai Mai,Thai crepe wrapped around cotton candy strands.,"flour, sugar, cotton candy"
Korean,Kimchi,Fermented spicy cabbage seasoned with chili and garlic.,"napa cabbage, chili flakes, garlic, ginger, fish sauce"
Korean,Bibimbap,"Mixed rice bowl topped with vegetables, meat, and egg.","rice, vegetables, beef, egg, gochujang"
Korean,Bulgogi,Marinated grilled beef with a sweet soy glaze.,"beef, soy sauce, sugar, garlic, sesame oil"
Korean,Tteokbokki,Spicy stir-fried rice cakes in a chili sauce.,"rice cakes, gochujang, fish cake, scallion"
Korean,Japchae,Stir-fried glass noodles with vegetables and beef.,"glass noodles, beef, spinach, carrot, soy sauce"
Korean,Samgyeopsal,Grilled pork belly typically enjoyed with lettuce wraps.,"pork belly, lettuce, garlic, ssamjang"
Korean,Kimchi Jjigae,Spicy stew made with fermented kimchi and pork.,"kimchi, pork, tofu, scallion, gochugaru"
Korean,Japgokbap,Multigrain rice dish combining several grains and beans.,"rice, barley, black beans, millet"
Korean,Sundubu Jjigae,Spicy soft tofu stew served bubbling hot.,"soft tofu, gochugaru, egg, seafood, scallion"
Korean,Galbi,Grilled marinated beef short ribs.,"beef short ribs, soy sauce, pear, garlic, sugar"
Korean,Naengmyeon,Cold buckwheat noodles served in a chilled broth.,"buckwheat noodles, broth, cucumber, egg, vinegar"
Korean,Dakgalbi,Spicy stir-fried chicken with vegetables and rice cakes.,"chicken, gochujang, cabbage, rice cakes"
Korean,Gimbap,"Rice and vegetables rolled in seaweed, sliced into rounds.","rice, seaweed, carrot, spinach, egg"
Korean,Haemul Pajeon,Savory seafood pancake with scallions.,"flour, scallion, seafood, egg"
Korean,Bossam,Boiled pork belly served with fermented cabbage wraps.,"pork belly, napa cabbage, garlic, ssamjang"
Korean,Yukgaejang,Spicy shredded beef soup with vegetables.,"beef, gochugaru, bean sprouts, fernbrake"
Korean,Banchan Platter,Assorted small side dishes served with Korean meals.,"kimchi, spinach, bean sprouts, seasoned vegetables"
Korean,Hotteok,Sweet filled pancake with cinnamon and nuts.,"flour, yeast, brown sugar, cinnamon, peanuts"
Korean,Ganjang Gejang,Raw crab marinated in soy sauce.,"raw crab, soy sauce, garlic, chili"
Korean,Sujeonggwa,Sweet cinnamon and persimmon punch dessert drink.,"cinnamon, ginger, dried persimmon, sugar"
Greek,Moussaka,"Layered baked dish of eggplant, meat, and béchamel.","eggplant, ground lamb, tomato, béchamel"
Greek,Souvlaki,Grilled skewered meat served with pita and tzatziki.,"pork, pita, tzatziki, lemon, oregano"
Greek,Greek Salad,"Fresh salad with tomato, cucumber, olives, and feta.","tomato, cucumber, olives, feta, olive oil"
Greek,Spanakopita,Savory pie filled with spinach and feta cheese.,"phyllo dough, spinach, feta, egg"
Greek,Tzatziki,Cool yogurt dip with cucumber and garlic.,"yogurt, cucumber, garlic, dill, olive oil"
Greek,Gyro,Sliced roasted meat wrapped in pita with toppings.,"pork or chicken, pita, tzatziki, tomato, onion"
Greek,Dolmades,Grape leaves stuffed with rice and herbs.,"grape leaves, rice, herbs, lemon"
Greek,Baklava,Sweet layered pastry with nuts and honey syrup.,"phyllo dough, walnuts, honey, butter"
Greek,Fasolada,"Traditional Greek bean soup, considered a national dish.","white beans, tomato, carrot, celery, olive oil"
Greek,Pastitsio,Baked pasta dish layered with meat sauce and béchamel.,"pasta, ground beef, tomato, béchamel"
Greek,Avgolemono,Egg-lemon soup with rice or orzo.,"chicken broth, egg, lemon, rice"
Greek,Loukoumades,Fried dough balls drizzled with honey and cinnamon.,"flour, yeast, honey, cinnamon"
Greek,Horiatiki,Village-style salad with fresh vegetables and feta.,"tomato, cucumber, feta, onion, olives"
Greek,Kleftiko,Slow-roasted lamb cooked with herbs until tender.,"lamb, garlic, lemon, oregano, potato"
Greek,Saganaki,Pan-fried cheese served as an appetizer.,"kefalotyri cheese, flour, lemon"
Greek,Galaktoboureko,Custard-filled pastry soaked in syrup.,"semolina custard, phyllo dough, syrup"
Greek,Keftedes,Fried meatballs seasoned with herbs and onion.,"ground beef, breadcrumbs, onion, mint"
Greek,Fava,Creamy yellow split pea puree.,"yellow split peas, onion, olive oil, lemon"
Greek,Taramasalata,Creamy dip made from cured fish roe.,"fish roe, bread, olive oil, lemon"
Greek,Revani,Sweet semolina cake soaked in syrup.,"semolina, sugar syrup, yogurt, eggs"
Spanish,Paella,"Saffron rice dish with seafood, chicken, and vegetables.","rice, saffron, chicken, shrimp, bell pepper"
Spanish,Tortilla Española,Thick potato and egg omelet.,"potato, egg, onion, olive oil"
Spanish,Gazpacho,Chilled tomato-based vegetable soup.,"tomato, cucumber, bell pepper, garlic, olive oil"
Spanish,Patatas Bravas,Fried potatoes served with spicy tomato sauce.,"potato, tomato sauce, paprika, aioli"
Spanish,Jamón Ibérico,Cured Spanish ham sliced thin.,"cured pork leg, salt"
Spanish,Churros con Chocolate,Fried dough sticks served with thick hot chocolate.,"flour, sugar, chocolate, milk"
Spanish,Croquetas,Creamy breaded and fried bites.,"béchamel, ham or chicken, breadcrumbs, egg"
Spanish,Gambas al Ajillo,Garlic shrimp sizzled in olive oil.,"shrimp, garlic, olive oil, chili flakes"
Spanish,Albondigas,Spanish meatballs simmered in tomato sauce.,"ground beef, breadcrumbs, tomato sauce, garlic"
Spanish,Pisto,Vegetable stew similar to ratatouille.,"zucchini, tomato, bell pepper, onion, olive oil"
Spanish,Bacalao a la Vizcaína,Salted cod cooked in a rich pepper sauce.,"salt cod, tomato, pepper, onion"
Spanish,Fideuà,Noodle dish similar to paella made with seafood.,"thin noodles, seafood, saffron, broth"
Spanish,Empanadas,Pastry turnovers filled with meat or vegetables.,"dough, ground beef, onion, olives"
Spanish,Crema Catalana,Custard dessert with a caramelized sugar top.,"milk, egg yolk, sugar, cinnamon"
Spanish,Cocido Madrileño,Hearty chickpea and meat stew.,"chickpeas, pork, chorizo, cabbage"
Spanish,Pan con Tomate,Toasted bread rubbed with tomato and olive oil.,"bread, tomato, olive oil, garlic"
Spanish,Calamares a la Romana,"Fried squid rings, crispy and golden.","squid, flour, egg, oil"
Spanish,Migas,Fried breadcrumbs cooked with garlic and chorizo.,"bread, chorizo, garlic, paprika"
Spanish,Turrón,Sweet nougat made with almonds and honey.,"almonds, honey, sugar, egg white"
Spanish,Sangria,Fruity red wine punch served chilled.,"red wine, fruit, brandy, sugar"
Vietnamese,Pho,Aromatic beef noodle soup with herbs and rice noodles.,"rice noodles, beef, star anise, ginger, herbs"
Vietnamese,Banh Mi,Crusty baguette sandwich filled with meat and pickled vegetables.,"baguette, pork, pickled carrot, cilantro, pate"
Vietnamese,Goi Cuon,Fresh spring rolls with shrimp and herbs wrapped in rice paper.,"rice paper, shrimp, vermicelli, herbs, lettuce"
Vietnamese,Bun Cha,Grilled pork served with rice noodles and dipping sauce.,"pork, rice noodles, fish sauce, herbs"
Vietnamese,Com Tam,Broken rice served with grilled pork and pickled vegetables.,"broken rice, grilled pork, pickled vegetables, fish sauce"
Vietnamese,Banh Xeo,Crispy savory pancake filled with shrimp and bean sprouts.,"rice flour, turmeric, shrimp, bean sprouts"
Vietnamese,Cha Gio,Fried spring rolls with pork and vegetables.,"rice paper, ground pork, carrot, mushroom"
Vietnamese,Bo Kho,Vietnamese beef stew with warm spices.,"beef, star anise, lemongrass, carrot, tomato"
Vietnamese,Canh Chua,Sweet and sour fish soup with tamarind.,"fish, tamarind, pineapple, tomato, herbs"
Vietnamese,Xoi,Sticky rice dish often served with savory or sweet toppings.,"glutinous rice, mung bean, coconut milk"
Vietnamese,Cao Lau,Regional noodle dish from Hoi An with pork and greens.,"noodles, pork, bean sprouts, herbs"
Vietnamese,Banh Cuon,Steamed rice rolls filled with pork and mushroom.,"rice batter, ground pork, mushroom, fish sauce"
Vietnamese,Che,"Sweet dessert soup with beans, jelly, and coconut milk.","mung beans, coconut milk, tapioca pearls, sugar"
Vietnamese,Nem Nuong,Grilled pork sausage skewers.,"ground pork, garlic, sugar, skewers"
Vietnamese,Mi Quang,"Turmeric noodle dish with pork, shrimp, and peanuts.","noodles, pork, shrimp, turmeric, peanuts"
Vietnamese,Bun Bo Hue,Spicy beef noodle soup from central Vietnam.,"rice noodles, beef, lemongrass, chili oil"
Vietnamese,Ca Kho To,Caramelized clay pot fish braised in fish sauce.,"fish, fish sauce, sugar, pepper"
Vietnamese,Banh Beo,Small steamed rice cakes topped with shrimp and scallion oil.,"rice flour, shrimp, scallion oil, fish sauce"
Vietnamese,Sup Mang Cua,"Crab and asparagus soup, silky and savory.","crab meat, asparagus, egg, broth"
Vietnamese,Ca Phe Sua Da,Vietnamese iced coffee with sweetened condensed milk.,"coffee, condensed milk, ice"
Moroccan,Tagine,Slow-cooked stew named after the conical clay pot it's cooked in.,"lamb, apricot, onion, cinnamon, almonds"
Moroccan,Couscous Royale,Steamed semolina served with meat and vegetable stew.,"couscous, lamb, chicken, vegetables, broth"
Moroccan,Harira,Hearty tomato-based soup with lentils and chickpeas.,"lentils, chickpeas, tomato, celery, spices"
Moroccan,Pastilla,Sweet and savory pastry filled with spiced pigeon or chicken.,"phyllo dough, chicken, almonds, cinnamon, sugar"
Moroccan,Zaalouk,Smoky eggplant and tomato salad.,"eggplant, tomato, garlic, cumin, olive oil"
Moroccan,Mechoui,Whole roasted lamb seasoned with spices.,"lamb, cumin, salt, garlic, olive oil"
Moroccan,Khobz,Traditional round Moroccan bread.,"flour, yeast, water, salt"
Moroccan,Chermoula Fish,"Fish marinated in a herby, spiced chermoula sauce.","fish, cilantro, garlic, cumin, lemon"
Moroccan,Msemen,"Layered, pan-fried flatbread, flaky and slightly chewy.","flour, semolina, butter, water"
Moroccan,Bissara,Creamy fava bean soup often eaten for breakfast.,"fava beans, garlic, cumin, olive oil"
Moroccan,Chicken Tagine with Olives,Chicken braised with preserved lemon and olives.,"chicken, preserved lemon, olives, ginger"
Moroccan,Rfissa,Shredded flatbread dish with lentils and spiced chicken.,"msemen bread, chicken, lentils, fenugreek"
Moroccan,Kefta Tagine,Spiced meatballs simmered in tomato sauce with egg.,"ground beef, tomato, egg, cumin, paprika"
Moroccan,Sellou,Sweet toasted flour mixture with nuts and sesame.,"flour, almonds, sesame seeds, honey"
Moroccan,Moroccan Mint Tea,Sweet green tea infused with fresh mint leaves.,"green tea, mint, sugar"
Moroccan,Briouat,Crispy fried pastry filled with meat or almonds.,"phyllo dough, ground beef or almonds, spices"
Moroccan,Harissa Lamb Skewers,Grilled lamb skewers marinated in spicy harissa paste.,"lamb, harissa paste, garlic, cumin"
Moroccan,Taktouka,Cooked pepper and tomato salad with spices.,"bell pepper, tomato, garlic, cumin"
Moroccan,Amlou,Sweet almond and argan oil spread.,"almonds, argan oil, honey"
Moroccan,Batbout,Soft Moroccan pocket bread cooked on a griddle.,"flour, semolina, yeast, water"
Turkish,Kebab,"Grilled skewered meat, a staple of Turkish cuisine.","lamb or beef, onion, spices, skewers"
Turkish,Baklava,Layered pastry with pistachios and honey syrup.,"phyllo dough, pistachios, honey, butter"
Turkish,Menemen,Scrambled eggs cooked with tomatoes and peppers.,"eggs, tomato, green pepper, onion"
Turkish,Lahmacun,"Thin, crispy flatbread topped with spiced minced meat.","dough, ground lamb, tomato, parsley"
Turkish,Iskender Kebab,Sliced döner meat over bread with tomato sauce and yogurt.,"döner meat, bread, tomato sauce, yogurt, butter"
Turkish,Manti,"Small dumplings filled with meat, topped with yogurt.","flour, ground beef, yogurt, garlic, butter"
Turkish,Simit,Circular bread coated with sesame seeds.,"flour, yeast, sesame seeds, molasses"
Turkish,Dolma,Grape leaves or vegetables stuffed with rice and herbs.,"grape leaves, rice, pine nuts, herbs"
Turkish,Turkish Delight,Chewy sweet confection dusted with powdered sugar.,"sugar, cornstarch, rosewater, powdered sugar"
Turkish,Pide,Boat-shaped flatbread topped with cheese or meat.,"dough, cheese, ground meat, egg"
Turkish,Köfte,Seasoned grilled meatballs.,"ground beef, onion, breadcrumbs, spices"
Turkish,Çorba,"Traditional Turkish soup, often lentil-based.","red lentils, onion, cumin, broth"
Turkish,Börek,Flaky pastry filled with cheese or meat.,"phyllo dough, cheese, spinach, egg"
Turkish,Turkish Tea,Strong black tea served in small tulip glasses.,"black tea, water, sugar"
Turkish,Hünkar Beğendi,Braised lamb served over smoky eggplant puree.,"lamb, eggplant, cheese, milk"
Turkish,Pilav,Fluffy rice pilaf cooked with butter and broth.,"rice, butter, broth, vermicelli"
Turkish,Ezme,Spicy chopped tomato and pepper salad.,"tomato, pepper, onion, chili, lemon"
Turkish,Kısır,Bulgur salad with tomato paste and fresh herbs.,"bulgur, tomato paste, parsley, lemon"
Turkish,Künefe,"Sweet cheese pastry soaked in syrup, served warm.","kadayif dough, cheese, syrup, pistachios"
Turkish,Ayran,Refreshing salted yogurt drink.,"yogurt, water, salt"
Lebanese,Hummus,Creamy dip made from blended chickpeas and tahini.,"chickpeas, tahini, garlic, lemon, olive oil"
Lebanese,Tabbouleh,"Fresh parsley salad with bulgur, tomato, and lemon.","parsley, bulgur, tomato, lemon, olive oil"
Lebanese,Falafel,Fried chickpea patties seasoned with herbs and spices.,"chickpeas, garlic, cumin, coriander, parsley"
Lebanese,Kibbeh,"Ground meat and bulgur shells, fried or baked.","bulgur, ground lamb, onion, pine nuts"
Lebanese,Fattoush,Salad topped with crispy fried pita chips.,"lettuce, tomato, cucumber, pita, sumac"
Lebanese,Shawarma,Spit-roasted marinated meat served wrapped or plated.,"lamb or chicken, spices, garlic sauce, pita"
Lebanese,Baba Ghanoush,Smoky roasted eggplant dip.,"eggplant, tahini, garlic, lemon"
Lebanese,Manakish,Flatbread topped with za'atar and olive oil.,"dough, za'atar, olive oil"
Lebanese,Kafta,Spiced ground meat skewers grilled over open flame.,"ground beef, onion, parsley, spices"
Lebanese,Warak Enab,Grape leaves stuffed with rice and herbs.,"grape leaves, rice, tomato, herbs"
Lebanese,Mujadara,Lentils and rice topped with caramelized onions.,"lentils, rice, onion, cumin"
Lebanese,Sfiha,Small open-faced meat pies.,"dough, ground lamb, tomato, onion"
Lebanese,Labneh,Strained yogurt cheese served with olive oil.,"yogurt, salt, olive oil"
Lebanese,Knafeh,Sweet cheese pastry soaked in syrup topped with crushed pistachios.,"kadayif dough, cheese, syrup, pistachios"
Lebanese,Lahm bi Ajeen,Thin dough topped with spiced minced meat.,"dough, ground beef, tomato, pomegranate molasses"
Lebanese,Sambousek,Fried or baked pastries filled with meat or cheese.,"dough, ground beef or cheese, onion"
Lebanese,Toum,"Whipped garlic sauce, light and fluffy.","garlic, oil, lemon juice, salt"
Lebanese,Rice Pilaf with Vermicelli,Fluffy rice cooked with toasted vermicelli noodles.,"rice, vermicelli, butter, broth"
Lebanese,Maamoul,Shortbread cookies filled with dates or nuts.,"semolina, butter, date paste, sugar"
Lebanese,Lebanese Lemonade,Refreshing lemonade blended with fresh mint.,"lemon, sugar, mint, water"
Ethiopian,Injera,Spongy sourdough flatbread made from teff flour.,"teff flour, water"
Ethiopian,Doro Wat,Spicy chicken stew simmered in berbere sauce.,"chicken, berbere spice, onion, egg"
Ethiopian,Kitfo,Minced raw or lightly seared beef seasoned with spices.,"beef, mitmita spice, clarified butter"
Ethiopian,Shiro,"Ground chickpea stew, smooth and richly spiced.","chickpea flour, onion, garlic, berbere"
Ethiopian,Tibs,Sautéed meat cubes with onions and peppers.,"beef or lamb, onion, pepper, rosemary"
Ethiopian,Misir Wat,Spicy red lentil stew.,"red lentils, berbere, onion, garlic"
Ethiopian,Gomen,Collard greens sautéed with garlic and spices.,"collard greens, garlic, onion, ginger"
Ethiopian,Berbere Spice Blend,Fiery spice blend central to Ethiopian cooking.,"chili, garlic, ginger, fenugreek, spices"
Ethiopian,Ayib,"Fresh, mild cottage-style cheese.","milk, lemon juice or vinegar"
Ethiopian,Atkilt Wat,"Cabbage, carrot, and potato stew with turmeric.","cabbage, carrot, potato, turmeric"
Ethiopian,Bozena Shiro,Chickpea stew enriched with pieces of meat.,"chickpea flour, beef, berbere, onion"
Ethiopian,Beyaynetu,Combination platter of various vegetarian stews on injera.,"injera, lentils, vegetables, spices"
Ethiopian,Kifto Special,Seasoned raw beef mixed with spiced cottage cheese.,"beef, ayib cheese, mitmita, butter"
Ethiopian,Dabo,Traditional Ethiopian festive bread.,"flour, yeast, sugar, cardamom"
Ethiopian,Ye Beg Wat,Spicy lamb stew cooked in berbere sauce.,"lamb, berbere, onion, garlic"
Ethiopian,Fosolia,Green bean and carrot side dish with garlic.,"green beans, carrot, garlic, onion"
Ethiopian,Awaze,Spicy dipping sauce made from berbere and wine.,"berbere, wine, garlic"
Ethiopian,Chechebsa,Shredded flatbread mixed with spiced butter.,"flatbread, berbere, clarified butter"
Ethiopian,Genfo,Thick porridge served with spiced butter well.,"barley flour, water, spiced butter"
Ethiopian,Tej,"Traditional honey wine, often homemade.","honey, water, gesho leaves"
Brazilian,Feijoada,Hearty black bean stew with assorted pork cuts.,"black beans, pork, sausage, bay leaf"
Brazilian,Pão de Queijo,"Small, chewy cheese bread made with tapioca flour.","tapioca flour, cheese, egg, milk"
Brazilian,Coxinha,Fried dough filled with shredded chicken.,"chicken, flour, breadcrumbs, cream cheese"
Brazilian,Brigadeiro,Rich chocolate fudge balls rolled in sprinkles.,"condensed milk, cocoa powder, butter, sprinkles"
Brazilian,Moqueca,Fish stew cooked in coconut milk and palm oil.,"fish, coconut milk, palm oil, tomato, cilantro"
Brazilian,Churrasco,"Grilled skewered meats, a Brazilian barbecue tradition.","beef, salt, skewers"
Brazilian,Farofa,"Toasted cassava flour mixture, often served as a side.","cassava flour, butter, bacon, onion"
Brazilian,Acarajé,Fried black-eyed pea fritters filled with shrimp.,"black-eyed peas, shrimp, palm oil, onion"
Brazilian,Bolinho de Bacalhau,Fried salt cod fritters.,"salt cod, potato, egg, parsley"
Brazilian,Pastel,Deep-fried thin pastry filled with meat or cheese.,"dough, ground beef or cheese, oil"
Brazilian,Vatapá,"Creamy dish made from bread, shrimp, and coconut milk.","bread, shrimp, coconut milk, peanuts"
Brazilian,Picanha,"Grilled top sirloin cap, a prized cut of beef.","beef picanha, salt"
Brazilian,Quindim,"Sweet, glossy baked coconut and egg yolk dessert.","egg yolk, sugar, coconut, butter"
Brazilian,Caipirinha,National cocktail made with cachaça and lime.,"cachaça, lime, sugar, ice"
Brazilian,Baião de Dois,Rice and bean dish flavored with cheese and meat.,"rice, beans, cheese, dried meat"
Brazilian,Tapioca Crepe,"Crepe made from tapioca starch, filled sweet or savory.","tapioca starch, cheese or coconut, filling"
Brazilian,Casquinha de Siri,Baked crab dish served in its shell.,"crab meat, breadcrumbs, coconut milk"
Brazilian,Arroz Carreteiro,Rice cooked with dried beef and vegetables.,"rice, dried beef, tomato, onion"
Brazilian,Pamonha,Sweet corn cake steamed in corn husks.,"corn, sugar, coconut milk, husks"
Brazilian,Guaraná Refresco,Sweet carbonated soft drink made from guaraná berries.,"guaraná extract, sugar, water"
Peruvian,Ceviche,Fresh fish cured in lime juice with onion and chili.,"fish, lime juice, red onion, chili, cilantro"
Peruvian,Lomo Saltado,"Stir-fried beef with tomatoes, onions, and fries.","beef, tomato, onion, soy sauce, fries"
Peruvian,Aji de Gallina,Creamy shredded chicken in a spicy yellow pepper sauce.,"chicken, aji amarillo, bread, cheese, walnuts"
Peruvian,Causa Rellena,Layered potato dish filled with chicken or seafood.,"yellow potato, lime, aji amarillo, chicken"
Peruvian,Anticuchos,Grilled skewered beef heart marinated in spices.,"beef heart, aji panca, garlic, vinegar"
Peruvian,Rocoto Relleno,Spicy stuffed peppers filled with meat and cheese.,"rocoto pepper, ground beef, cheese, egg"
Peruvian,Papa a la Huancaína,Boiled potatoes covered in a creamy spicy cheese sauce.,"potato, aji amarillo, cheese, milk"
Peruvian,Pachamanca,Meats and vegetables cooked underground with hot stones.,"pork, chicken, potato, herbs"
Peruvian,Tacu Tacu,"Pan-fried rice and bean cake, often topped with meat.","rice, beans, onion, garlic"
Peruvian,Chupe de Camarones,Creamy shrimp chowder with potatoes and cheese.,"shrimp, potato, milk, cheese, corn"
Peruvian,Arroz con Pollo,Rice cooked with chicken and cilantro-based sauce.,"rice, chicken, cilantro, peas, carrot"
Peruvian,Suspiro a la Limeña,Sweet caramel dessert topped with meringue.,"condensed milk, egg yolk, sugar, port wine"
Peruvian,Picarones,Fried sweet potato and squash doughnuts.,"sweet potato, squash, flour, syrup"
Peruvian,Choclo con Queso,Large kernel corn served with fresh cheese.,"corn, fresh cheese"
Peruvian,Escabeche de Pescado,Fried fish served with a tangy pickled onion sauce.,"fish, onion, vinegar, aji amarillo"
Peruvian,Cuy Chactado,"Traditional fried guinea pig, an Andean delicacy.","guinea pig, garlic, cumin, oil"
Peruvian,Tamales Peruanos,Corn dough tamales filled with meat and olives.,"corn dough, pork, olives, banana leaf"
Peruvian,Sopa a la Criolla,Creamy noodle soup with beef and milk.,"noodles, beef, milk, tomato, egg"
Peruvian,Turrón de Doña Pepa,Anise-flavored layered cookie dessert with syrup.,"flour, anise, syrup, sprinkles"
Peruvian,Chicha Morada,Sweet purple corn beverage spiced with cinnamon.,"purple corn, cinnamon, pineapple, sugar"
German,Bratwurst,"Grilled German sausage, often served with mustard.","pork, spices, casing, mustard"
German,Sauerbraten,Pot roast marinated for days in vinegar and spices.,"beef, vinegar, onion, juniper berries"
German,Schnitzel,"Breaded and fried thin cutlet, usually pork or veal.","pork or veal, breadcrumbs, egg, flour"
German,Sauerkraut,"Fermented shredded cabbage, tangy and crunchy.","cabbage, salt"
German,Pretzel,Twisted bread with a chewy crust and dark exterior.,"flour, yeast, baking soda, salt"
German,Currywurst,Sliced sausage topped with curry ketchup.,"sausage, ketchup, curry powder"
German,Spätzle,"Soft egg noodles, often served with cheese.","flour, egg, milk, cheese"
German,Kartoffelsalat,"German-style potato salad, served warm or cold.","potato, vinegar, onion, mustard"
German,Rouladen,"Beef rolls filled with bacon, onion, and pickles.","beef, bacon, onion, pickles, mustard"
German,Black Forest Cake,Chocolate cake layered with cherries and whipped cream.,"chocolate cake, cherries, whipped cream, kirsch"
German,Königsberger Klopse,Meatballs served in a creamy caper sauce.,"ground meat, capers, cream, lemon"
German,Leberkäse,"Baked meatloaf, sliced and often pan-fried.","ground beef, ground pork, bacon, spices"
German,Rote Grütze,Sweet red berry pudding served with cream.,"mixed berries, sugar, cornstarch, cream"
German,Maultaschen,"Large dumplings filled with meat, spinach, and herbs.","dough, ground meat, spinach, onion"
German,Eintopf,Traditional hearty one-pot stew.,"meat, potato, carrot, cabbage"
German,Zwiebelkuchen,"Savory onion tart, often paired with wine.","dough, onion, bacon, cream, egg"
German,Apfelstrudel,Flaky pastry filled with spiced apples.,"phyllo dough, apple, cinnamon, raisins"
German,Labskaus,"Northern German dish of corned beef, potato, and beetroot.","corned beef, potato, beetroot, egg"
German,Bienenstich,Honey almond cake filled with vanilla cream.,"cake, honey, almonds, vanilla cream"
German,Glühwein,Warm spiced mulled wine popular in winter.,"red wine, cinnamon, cloves, orange"
British,Fish and Chips,Battered fried fish served with thick-cut fries.,"fish, batter, potato, oil"
British,Shepherd's Pie,Baked minced meat pie topped with mashed potato.,"lamb, mashed potato, carrot, peas"
British,Full English Breakfast,"Hearty breakfast plate with eggs, sausage, and beans.","egg, sausage, bacon, beans, toast"
British,Bangers and Mash,Sausages served over creamy mashed potato with gravy.,"sausage, potato, butter, gravy"
British,Sunday Roast,Traditional roasted meat dinner with vegetables and gravy.,"beef, roast potato, vegetables, gravy"
British,Beef Wellington,Beef tenderloin wrapped in pastry and mushroom duxelles.,"beef, mushroom, puff pastry, pate"
British,Cornish Pasty,Hand-held pastry filled with beef and vegetables.,"dough, beef, potato, swede, onion"
British,Yorkshire Pudding,Baked batter side dish served with roast dinners.,"flour, egg, milk, beef drippings"
British,Sticky Toffee Pudding,Moist date sponge cake with toffee sauce.,"dates, flour, sugar, toffee sauce"
British,Scones,"Light, crumbly baked goods served with jam and cream.","flour, butter, sugar, cream, jam"
British,Trifle,"Layered dessert with sponge, custard, and fruit.","sponge cake, custard, fruit, cream"
British,Toad in the Hole,Sausages baked in Yorkshire pudding batter.,"sausage, flour, egg, milk"
British,Lancashire Hotpot,Slow-cooked lamb and potato casserole.,"lamb, potato, onion, broth"
British,Welsh Rarebit,Cheese sauce served over toasted bread.,"cheese, ale, mustard, bread"
British,Steak and Kidney Pie,Savory pastry pie filled with beef and kidney.,"beef, kidney, pastry, gravy"
British,Black Pudding,Blood sausage often served as part of a breakfast.,"pork blood, oats, spices"
British,Eton Mess,"Dessert mixing meringue, cream, and strawberries.","meringue, cream, strawberries"
British,Bubble and Squeak,"Fried leftover vegetables, mainly potato and cabbage.","potato, cabbage, butter"
British,Ploughman's Lunch,"Cold platter of cheese, bread, and pickles.","cheese, bread, pickle, ham"
British,Victoria Sponge,Classic sponge cake filled with jam and cream.,"flour, butter, sugar, jam, cream"
Filipino,Adobo,"Meat braised in vinegar, soy sauce, and garlic.","pork or chicken, vinegar, soy sauce, garlic"
Filipino,Sinigang,Sour tamarind-based soup with meat and vegetables.,"pork, tamarind, vegetables, broth"
Filipino,Lechon,Whole roasted pig with crispy skin.,"whole pig, salt, lemongrass"
Filipino,Pancit,Stir-fried noodles with vegetables and meat.,"noodles, vegetables, soy sauce, meat"
Filipino,Lumpia,Fried spring rolls filled with meat and vegetables.,"spring roll wrapper, ground pork, vegetables"
Filipino,Sisig,Sizzling chopped pork dish with calamansi and chili.,"pork, onion, chili, calamansi"
Filipino,Kare-Kare,Peanut-based stew with oxtail and vegetables.,"oxtail, peanut sauce, vegetables, shrimp paste"
Filipino,Bicol Express,Spicy pork stew cooked in coconut milk and chili.,"pork, coconut milk, chili, shrimp paste"
Filipino,Halo-Halo,Layered shaved ice dessert with sweet toppings.,"shaved ice, fruits, beans, ube, milk"
Filipino,Pinakbet,Vegetable dish flavored with shrimp paste.,"eggplant, okra, bitter melon, shrimp paste"
Filipino,Tinola,Ginger chicken soup with green papaya.,"chicken, ginger, green papaya, chili leaves"
Filipino,Chicken Inasal,Grilled chicken marinated in vinegar and annatto.,"chicken, vinegar, annatto, lemongrass"
Filipino,Bistek,Beef slices simmered in soy sauce and calamansi.,"beef, soy sauce, calamansi, onion"
Filipino,Longganisa,Sweet and garlicky Filipino sausage.,"ground pork, garlic, sugar, casing"
Filipino,Ube Halaya,"Sweet purple yam jam, often used in desserts.","purple yam, condensed milk, butter"
Filipino,Puto,"Steamed rice cakes, soft and slightly sweet.","rice flour, sugar, baking powder"
Filipino,Bulalo,Beef bone marrow soup with vegetables.,"beef shank, bone marrow, corn, cabbage"
Filipino,Dinuguan,Savory pork blood stew.,"pork, pork blood, vinegar, chili"
Filipino,Leche Flan,Rich caramel custard dessert.,"egg yolk, condensed milk, sugar"
Filipino,Turon,Fried banana rolls coated in caramelized sugar.,"banana, jackfruit, spring roll wrapper, sugar"
Indonesian,Nasi Goreng,Indonesian-style fried rice with sweet soy sauce.,"rice, kecap manis, egg, chili, shallot"
Indonesian,Rendang,Slow-cooked spicy beef in coconut milk.,"beef, coconut milk, chili, lemongrass, spices"
Indonesian,Satay,Grilled skewered meat served with peanut sauce.,"chicken or beef, peanut sauce, skewers"
Indonesian,Gado-Gado,Vegetable salad with peanut sauce dressing.,"vegetables, tofu, egg, peanut sauce"
Indonesian,Soto Ayam,Turmeric chicken soup with noodles and herbs.,"chicken, turmeric, noodles, lime leaves"
Indonesian,Mie Goreng,Stir-fried noodles with vegetables and sweet soy sauce.,"noodles, kecap manis, egg, vegetables"
Indonesian,Sate Lilit,Balinese minced meat satay wrapped around lemongrass.,"minced fish or chicken, coconut, spices"
Indonesian,Bakso,"Meatball soup, a popular street food.","beef meatballs, broth, noodles, scallion"
Indonesian,Ayam Goreng,Crispy fried chicken marinated with spices.,"chicken, turmeric, garlic, coriander"
Indonesian,Tempeh Goreng,Fried fermented soybean cake.,"tempeh, soy sauce, garlic, oil"
Indonesian,Nasi Padang,Rice served with an assortment of spicy dishes.,"rice, rendang, vegetables, sambal"
Indonesian,Sambal,Spicy chili paste condiment central to Indonesian meals.,"chili, garlic, shallot, shrimp paste"
Indonesian,Lontong,Compressed rice cake served with savory dishes.,"rice, banana leaf"
Indonesian,Es Cendol,Sweet iced dessert drink with rice flour jelly.,"rice flour jelly, coconut milk, palm sugar"
Indonesian,Martabak Manis,Thick sweet stuffed pancake.,"flour, sugar, chocolate, cheese, condensed milk"
Indonesian,Pepes Ikan,Fish steamed in banana leaves with spices.,"fish, banana leaf, chili, turmeric"
Indonesian,Ketoprak,Rice noodle salad topped with peanut sauce.,"rice noodles, tofu, bean sprouts, peanut sauce"
Indonesian,Klepon,Sweet rice balls filled with palm sugar and coconut.,"glutinous rice flour, palm sugar, coconut"
Indonesian,Opor Ayam,Chicken cooked in mild coconut milk curry.,"chicken, coconut milk, coriander, lemongrass"
Indonesian,Es Teler,Mixed fruit dessert with coconut and condensed milk.,"avocado, jackfruit, coconut, condensed milk"
Russian,Borscht,Beet soup often served with sour cream.,"beetroot, cabbage, potato, sour cream"
Russian,Pelmeni,Small dumplings filled with meat.,"flour, ground meat, onion, sour cream"
Russian,Beef Stroganoff,Sautéed beef in a creamy mushroom sauce.,"beef, mushroom, sour cream, onion"
Russian,Blini,Thin pancakes often served with caviar or jam.,"flour, egg, milk, yeast"
Russian,Olivier Salad,Classic potato salad with peas and mayonnaise.,"potato, peas, carrot, egg, mayonnaise"
Russian,Shchi,Traditional cabbage soup.,"cabbage, potato, carrot, beef broth"
Russian,Golubtsy,Cabbage rolls stuffed with meat and rice.,"cabbage, ground beef, rice, tomato sauce"
Russian,Pirozhki,Small baked or fried buns filled with meat or potato.,"dough, ground beef or potato, onion"
Russian,Kholodets,"Savory meat jelly, traditionally served cold.","pork, beef, gelatin, garlic"
Russian,Syrniki,Fried cottage cheese pancakes.,"cottage cheese, egg, flour, sugar"
Russian,Kotleti,Pan-fried ground meat patties.,"ground beef, breadcrumbs, onion, egg"
Russian,Vinegret,Beet and vegetable salad with pickles.,"beetroot, potato, carrot, pickles"
Russian,Solyanka,Tangy soup with pickles and mixed meats.,"meat, pickles, olives, tomato"
Russian,Kasha,"Buckwheat porridge, often a breakfast staple.","buckwheat groats, water, butter"
Russian,Kulebyaka,Savory fish and rice pie.,"puff pastry, fish, rice, egg"
Russian,Salat Seledka pod Shuboy,Layered herring salad under grated beet and mayonnaise.,"herring, beetroot, potato, mayonnaise"
Russian,Draniki,Crispy fried potato pancakes.,"potato, egg, flour, onion"
Russian,Medovik,Honey layer cake with sour cream frosting.,"flour, honey, sour cream, sugar"
Russian,Kvass,Fermented beverage made from rye bread.,"rye bread, water, sugar, yeast"
Russian,Ukha,Clear fish soup with root vegetables.,"fish, potato, carrot, dill"
Jamaican,Jerk Chicken,Spicy grilled chicken marinated in scotch bonnet and allspice.,"chicken, scotch bonnet, allspice, thyme"
Jamaican,Ackee and Saltfish,National dish combining ackee fruit and salted cod.,"ackee, salt cod, onion, tomato"
Jamaican,Curry Goat,Tender goat meat simmered in warm curry spices.,"goat meat, curry powder, onion, garlic"
Jamaican,Rice and Peas,Coconut rice cooked with kidney beans.,"rice, kidney beans, coconut milk, thyme"
Jamaican,Oxtail Stew,Slow-braised oxtail in a rich savory gravy.,"oxtail, butter beans, onion, allspice"
Jamaican,Patty,Flaky pastry filled with spiced meat.,"dough, ground beef, curry powder, turmeric"
Jamaican,Escovitch Fish,Fried fish topped with pickled peppers and vegetables.,"fish, vinegar, bell pepper, onion"
Jamaican,Callaloo,Leafy green vegetable dish sautéed with onion and garlic.,"callaloo greens, onion, garlic, tomato"
Jamaican,Festival,"Sweet fried dumpling, often paired with fried fish.","flour, cornmeal, sugar, baking powder"
Jamaican,Bammy,"Flatbread made from cassava, fried or steamed.","cassava, salt, coconut milk"
Jamaican,Brown Stew Chicken,Chicken braised in a rich brown sauce.,"chicken, brown sugar, onion, thyme"
Jamaican,Jamaican Beef Patty,Spiced beef enclosed in a flaky turmeric crust.,"dough, ground beef, turmeric, scotch bonnet"
Jamaican,Fried Dumplings,"Deep-fried dough, crispy outside and soft inside.","flour, baking powder, water, oil"
Jamaican,Gungo Peas Soup,Hearty pigeon pea soup with dumplings.,"pigeon peas, dumplings, yam, coconut milk"
Jamaican,Stew Peas,Red kidney beans stewed with pig tail or beef.,"kidney beans, pig tail, coconut milk, dumplings"
Jamaican,Rundown,Fish simmered in a reduced spiced coconut sauce.,"fish, coconut milk, onion, scotch bonnet"
Jamaican,Jamaican Rum Cake,"Rich, moist cake soaked in dark rum.","flour, dried fruit, dark rum, sugar"
Jamaican,Bulla Cake,Small dense ginger-spiced cake.,"flour, molasses, ginger, baking soda"
Jamaican,Sorrel Drink,Tart red beverage made from sorrel flowers.,"sorrel, ginger, sugar, water"
Jamaican,Peanut Punch,Creamy blended peanut and milk beverage.,"peanuts, milk, sugar, nutmeg"
Nigerian,Jollof Rice,"Spiced tomato rice, a beloved West African staple.","rice, tomato, pepper, onion, spices"
Nigerian,Egusi Soup,Rich soup made from ground melon seeds.,"egusi seeds, spinach, palm oil, meat"
Nigerian,Suya,Spicy grilled skewered meat coated in peanut spice mix.,"beef, peanut powder, chili, skewers"
Nigerian,Pounded Yam,"Smooth, stretchy dough made from boiled yam.","yam, water"
Nigerian,Moin Moin,Steamed bean pudding made from ground beans.,"black-eyed peas, pepper, onion, oil"
Nigerian,Akara,"Fried bean cakes, crispy outside and soft inside.","black-eyed peas, onion, pepper, oil"
Nigerian,Efo Riro,Vegetable soup cooked with peppers and palm oil.,"spinach, palm oil, pepper, meat"
Nigerian,Ofada Rice,Local rice served with a spicy pepper sauce.,"ofada rice, pepper, palm oil, assorted meat"
Nigerian,Pepper Soup,"Spicy, light broth traditionally served with meat or fish.","meat or fish, chili, spices, broth"
Nigerian,Puff Puff,"Sweet fried dough balls, light and fluffy.","flour, sugar, yeast, oil"
Nigerian,Chin Chin,Crunchy fried sweet snack cut into small pieces.,"flour, sugar, butter, nutmeg"
Nigerian,Nkwobi,Spicy cow foot dish cooked in palm oil sauce.,"cow foot, palm oil, potash, pepper"
Nigerian,Fufu,Soft dough-like staple made from cassava.,"cassava flour, water"
Nigerian,Ogbono Soup,Draw soup thickened with ground wild mango seeds.,"ogbono seeds, palm oil, meat, spinach"
Nigerian,Asun,"Spicy grilled goat meat, chopped and seasoned.","goat meat, pepper, onion, oil"
Nigerian,Nigerian Meat Pie,Baked pastry filled with spiced meat and vegetables.,"dough, ground beef, potato, carrot"
Nigerian,Banga Soup,"Rich palm fruit soup, popular in the Niger Delta.","palm fruit, fish, spices"
Nigerian,Yam Porridge (Asaro),Mashed yam cooked in a spicy tomato sauce.,"yam, tomato, palm oil, pepper"
Nigerian,Kilishi,"Dried spiced meat, similar to jerky.","beef, peanut powder, chili, spices"
Nigerian,Zobo Drink,Refreshing hibiscus beverage flavored with ginger.,"hibiscus leaves, ginger, sugar"
